{
  "0a12508c-1550-11ec-8261-64bc580330d5.png": [
    [
      0.41474321484565735,
      0.499661386013031,
      0.44674915075302124
    ],
    [
      0.39387035369873047,
      0.5204876065254211,
      0.7284749150276184
    ],
    [
      0.3950585722923279,
      0.47682619094848633,
      0.8161112666130066
    ],
    [
      0.4042876362800598,
      0.5545762777328491,
      0.5511805415153503
    ],
    [
      0.4086878299713135,
      0.4525205194950104,
      0.5214470624923706
    ],
    [
      0.5402755737304688,
      0.5861353874206543,
      0.7948222160339355
    ],
    [
      0.5209542512893677,
      0.402706116437912,
      0.7769521474838257
    ],
    [
      0.6998434066772461,
      0.5794051289558411,
      0.7944247126579285
    ],
    [
      0.696800947189331,
      0.3969738483428955,
      0.6786247491836548
    ],
    [
      0.6936486959457397,
      0.42606809735298157,
      0.29330742359161377
    ],
    [
      0.8385752439498901,
      0.45984360575675964,
      0.7549609541893005
    ],
    [
      0.832031786441803,
      0.5583885908126831,
      0.7992624044418335
    ],
    [
      0.8351813554763794,
      0.42834070324897766,
      0.8306031823158264
    ],
    [
      1.004020094871521,
      0.5584667921066284,
      0.02933124266564846
    ],
    [
      0.9846408367156982,
      0.44000062346458435,
      0.05151892453432083
    ],
    [
      1.0113043785095215,
      0.5523059964179993,
      0.0025632032193243504
    ],
    [
      1.0438752174377441,
      0.43349209427833557,
      0.011124220676720142
    ]
  ],
  "0a256522-1550-11ec-ab0e-64bc580330d5.png": [
    [
      0.2394024282693863,
      0.3975318670272827,
      0.4875876307487488
    ],
    [
      0.21900899708271027,
      0.4374581277370453,
      0.5817698240280151
    ],
    [
      0.2133360505104065,
      0.42715927958488464,
      0.6149311065673828
    ],
    [
      0.2874113917350769,
      0.5139274001121521,
      0.5914496779441833
    ],
    [
      0.2780292332172394,
      0.5061006546020508,
      0.4493868947029114
    ],
    [
      0.47297394275665283,
      0.4192335605621338,
      0.6041097640991211
    ],
    [
      0.4705820381641388,
      0.5450582504272461,
      0.5549846887588501
    ],
    [
      0.25500985980033875,
      0.19843769073486328,
      0.828130304813385
    ],
    [
      0.5109153389930725,
      0.44811952114105225,
      0.05459738150238991
    ],
    [
      0.1459471881389618,
      0.38390588760375977,
      0.27104252576828003
    ],
    [
      0.14401274919509888,
      0.3843208849430084,
      0.5799955725669861
    ],
    [
      0.8516351580619812,
      0.31899431347846985,
      0.5148206949234009
    ],
    [
      0.8405787944793701,
      0.44010844826698303,
      0.4914505183696747
    ],
    [
      0.7400397062301636,
      0.12015634775161743,
      0.062379296869039536
    ],
    [
      0.7717781662940979,
      0.4479377567768097,
      0.0463704876601696
    ],
    [
      0.9218037128448486,
      0.12649813294410706,
      0.01169145479798317
    ],
    [
      0.9082854390144348,
      0.41976967453956604,
      0.00893278606235981
    ]
  ],
  "0b3d89bb-1550-11ec-838d-64bc580330d5.png": [
    [
      0.38785314559936523,
      0.43699127435684204,
      0.4982401430606842
    ],
    [
      0.36114639043807983,
      0.4630407392978668,
      0.7170284986495972
    ],
    [
      0.3545658588409424,
      0.4056094288825989,
      0.652141273021698
    ],
    [
      0.38096702098846436,
      0.4805879294872284,
      0.4447228014469147
    ],
    [
      0.36886128783226013,
      0.33837616443634033,
      0.6635661125183105
    ],
    [
      0.5464354753494263,
      0.5150028467178345,
      0.727491557598114
    ],
    [
      0.576720118522644,
      0.29815271496772766,
      0.6185854077339172
    ],
    [
      0.7491236925125122,
      0.5707495808601379,
      0.30925342440605164
    ],
    [
      0.8318334817886353,
      0.3287268280982971,
      0.5146024227142334
    ],
    [
      0.8174740672111511,
      0.5851935744285583,
      0.09050974994897842
    ],
    [
      0.6675881743431091,
      0.1723351925611496,
      0.6027215123176575
    ],
    [
      0.862269401550293,
      0.5414291024208069,
      0.2772914171218872
    ],
    [
      0.8830961585044861,
      0.3936586081981659,
      0.18706223368644714
    ],
    [
      0.805623471736908,
      0.5820487141609192,
      0.01549670659005642
    ],
    [
      0.8509165644645691,
      0.34259122610092163,
      0.01799917221069336
    ],
    [
      0.8230342268943787,
      0.5839099884033203,
      0.01661815121769905
    ],
    [
      0.676914393901825,
      0.17071186006069183,
      0.05678212642669678
    ]
  ]
}